<?xml version="1.0"?>
<doc>
    <assembly>
        <name>ISI</name>
    </assembly>
    <members>
        <member name="T:ISI.Controllers.DevicesController">
            <summary>
            Controller for managing devices.
            </summary>
        </member>
        <member name="M:ISI.Controllers.DevicesController.GetAllDevices">
            <summary>
            Gets all devices.
            </summary>
            <returns>An ActionResult containing a list of all devices.</returns>
        </member>
        <member name="M:ISI.Controllers.DevicesController.GetDeviceById(System.Int32)">
            <summary>
            Gets all device by the given userId.
            </summary>
            <param name="userId">The ID of the device to retrieve.</param>
            <returns>An ActionResult containing the device information.</returns>
        </member>
        <member name="M:ISI.Controllers.DevicesController.PostDevice(ISI.Models.Device)">
            <summary>
            Inserts a new device.
            </summary>
            <param name="device">The device information to insert.</param>
            <returns>An IActionResult indicating the result of the insertion.</returns>
        </member>
        <member name="M:ISI.Controllers.DevicesController.UpdateDevice(System.Int32,ISI.Models.Device)">
            <summary>
            Updates a device by its ID.
            </summary>
            <param name="id">The ID of the device to update.</param>
            <param name="device">The updated device information.</param>
            <returns>An IActionResult indicating the result of the update.</returns>
        </member>
        <member name="M:ISI.Controllers.DevicesController.DeleteDevice(System.Int32)">
            <summary>
            Deletes a device by its ID.
            </summary>
            <param name="id">The ID of the device to delete.</param>
            <returns>An IActionResult indicating the result of the deletion.</returns>
        </member>
        <member name="M:ISI.Controllers.HousesController.Get">
            <summary>
            This Method Gets all the Houses
            </summary>
            <returns>An List of Houses</returns>
        </member>
        <member name="M:ISI.Controllers.HousesController.Get(System.Int32)">
            <summary>
            This Method Gets all the houses from 
            </summary>
            <param name="idUser">User's Id</param>
            <returns>List of Houses</returns>
        </member>
        <member name="M:ISI.Controllers.HousesController.Post(ISI.Models.House)">
            <summary>
            This Method Creates an House
            </summary>
            <param name="house">Object type House</param>
            <returns>Response</returns>
        </member>
        <member name="M:ISI.Controllers.HousesController.Put(System.Int32,ISI.Models.House)">
            <summary>
            This Method Updates an House
            </summary>
            <param name="id">House Id</param>
            <param name="house">Object type House</param>
            <returns>Response</returns>
        </member>
        <member name="M:ISI.Controllers.HousesController.Delete(System.Int32)">
            <summary>
            This Method deletes an House
            </summary>
            <param name="id">House Id</param>
            <returns>Response</returns>
        </member>
        <member name="M:ISI.Controllers.UsersController.Authenticate(ISI.Models.AuthRequest)">
            <summary>
            This Method Authenticate the User
            </summary>
            <param name="request">Authentication Request</param>
            <returns>Token</returns>
        </member>
        <member name="M:ISI.Controllers.UsersController.PostUser(ISI.Models.RegistrationRequest)">
            <summary>
            This Method Creates a new User
            </summary>
            <param name="request">Registration Request</param>
            <returns>Token</returns>
        </member>
        <member name="T:ISI.Data.HouseRepositoryDB">
            <summary>
            This Class is for Connection to DB for House
            </summary>
        </member>
        <member name="M:ISI.Data.HouseRepositoryDB.GetAllHouses">
            <summary>
            This Method gets all Houses
            </summary>
            <returns>List of Houses</returns>
        </member>
        <member name="M:ISI.Data.HouseRepositoryDB.GetHousesByUser(System.Int32)">
            <summary>
            This Method gets all the Houses by User
            </summary>
            <param name="idUser">User's Id</param>
            <returns>List of Houses</returns>
        </member>
        <member name="M:ISI.Data.HouseRepositoryDB.CreateHouse(ISI.Models.House)">
            <summary>
            This Method creates a new House
            </summary>
            <param name="house"></param>
            <returns>Boolean</returns>
        </member>
        <member name="M:ISI.Data.HouseRepositoryDB.UpdateHouse(ISI.Models.House)">
            <summary>
            This Method Updates an House
            </summary>
            <param name="house">Object Type House</param>
            <returns>Boolean</returns>
        </member>
        <member name="M:ISI.Data.HouseRepositoryDB.DeleteHouse(System.Int32)">
            <summary>
            This Method deletes an House
            </summary>
            <param name="id">House's Id</param>
            <returns>Boolean</returns>
        </member>
        <member name="T:ISI.Data.UserRepositoryDB">
            <summary>
            This Class is for Connection to DB for User
            </summary>
        </member>
        <member name="M:ISI.Data.UserRepositoryDB.FindByEmail(System.String)">
            <summary>
            This Method find User by Email
            </summary>
            <param name="email">User's Email</param>
            <returns>Object Type User</returns>
        </member>
        <member name="M:ISI.Data.UserRepositoryDB.CreateUser(ISI.Models.RegistrationRequest)">
            <summary>
            This Method creates User
            </summary>
            <param name="request">User Email and Password</param>
            <returns>Boolean</returns>
        </member>
        <member name="T:ISI.Models.AuthRequest">
            <summary>
            This Class is for Authentication Request
            </summary>
        </member>
        <member name="P:ISI.Models.AuthRequest.Email">
            <summary>
            User's Email
            </summary>
        </member>
        <member name="P:ISI.Models.AuthRequest.Password">
            <summary>
            User's Password
            </summary>
        </member>
        <member name="T:ISI.Models.AuthResponse">
            <summary>
            This Class is for Authentication Response
            </summary>
        </member>
        <member name="P:ISI.Models.AuthResponse.Token">
            <summary>
            User's Token
            </summary>
        </member>
        <member name="P:ISI.Models.AuthResponse.Expiration">
            <summary>
            Token Expiration
            </summary>
        </member>
        <member name="T:ISI.Models.Device">
            <summary>
            This class represents a Device
            </summary>
        </member>
        <member name="P:ISI.Models.Device.Id">
            <summary>
            Device's Id
            </summary>
        </member>
        <member name="P:ISI.Models.Device.Name">
            <summary>
            Device's Name
            </summary>
        </member>
        <member name="P:ISI.Models.Device.State">
            <summary>
            Device's State
            </summary>
        </member>
        <member name="P:ISI.Models.Device.Value">
            <summary>
            Device's Value
            </summary>
        </member>
        <member name="P:ISI.Models.Device.HouseId">
            <summary>
            Room's Id
            </summary>
        </member>
        <member name="T:ISI.Models.House">
            <summary>
            This class represents a Home
            </summary>
        </member>
        <member name="P:ISI.Models.House.Id">
            <summary>
            House's Id
            </summary>
        </member>
        <member name="P:ISI.Models.House.Name">
            <summary>
            House's Name
            </summary>
        </member>
        <member name="P:ISI.Models.House.UserId">
            <summary>
            House's Id
            </summary>
        </member>
        <member name="T:ISI.Models.RegistrationRequest">
            <summary>
            This Class is for Resgistrarion Request
            </summary>
        </member>
        <member name="P:ISI.Models.RegistrationRequest.Name">
            <summary>
            User's Name
            </summary>
        </member>
        <member name="P:ISI.Models.RegistrationRequest.Email">
            <summary>
            User's Email
            </summary>
        </member>
        <member name="P:ISI.Models.RegistrationRequest.Username">
            <summary>
            User's Username
            </summary>
        </member>
        <member name="P:ISI.Models.RegistrationRequest.Password">
            <summary>
            User's Password
            </summary>
        </member>
        <member name="P:ISI.Models.RegistrationRequest.Role">
            <summary>
            User's Role
            </summary>
        </member>
        <member name="T:ISI.Models.User">
            <summary>
            This Class is for User
            </summary>
        </member>
        <member name="P:ISI.Models.User.Id">
            <summary>
            User's Id
            </summary>
        </member>
        <member name="P:ISI.Models.User.Name">
            <summary>
            User's Name
            </summary>
        </member>
        <member name="P:ISI.Models.User.Email">
            <summary>
            User's Email
            </summary>
        </member>
        <member name="P:ISI.Models.User.Username">
            <summary>
            User's Username
            </summary>
        </member>
        <member name="P:ISI.Models.User.Password">
            <summary>
            User's Password
            </summary>
        </member>
        <member name="P:ISI.Models.User.Role">
            <summary>
            User's Role
            </summary>
        </member>
    </members>
</doc>
